{"chrome://messenger/content/messenger.xul":{"mail-toolbar-menubar2":{"autohide":"true"},"qfb-boolean-mode":{"value":"OR"},"messagepaneboxwrapper":{"collapsed":"true"},"messengerWindow":{"screenX":"117","screenY":"27","width":"1024","height":"711","sizemode":"normal"},"header-view-toolbox":{"mode":"full","iconsize":"small","labelalign":"end"},"header-view-toolbar":{"iconsize":"small"}},"chrome://messenger/content/AccountManager.xul":{"accountManager":{"screenX":"92","screenY":"0","width":"840","height":"711"}}}