{"schemaVersion":31,"addons":[{"id":"default-theme@mozilla.org","syncGUID":"{a6cd2995-4114-4df7-b98a-9849fe80541a}","version":"1.0","type":"theme","loader":null,"updateURL":null,"optionsURL":null,"optionsType":null,"optionsBrowserStyle":true,"aboutURL":null,"defaultLocale":{"name":"Default","description":"A theme with the operating system color scheme.","creator":"Mozilla","developers":null,"translators":null,"contributors":null},"visible":true,"active":true,"userDisabled":false,"appDisabled":false,"installDate":1603910438283,"updateDate":1593612209000,"applyBackgroundUpdates":1,"path":null,"skinnable":false,"sourceURI":null,"releaseNotesURI":null,"softDisabled":false,"foreignInstall":false,"strictCompatibility":true,"locales":[],"targetApplications":[{"id":"toolkit@mozilla.org","minVersion":null,"maxVersion":null}],"targetPlatforms":[],"seen":true,"dependencies":[],"userPermissions":null,"icons":{"32":"icon.svg"},"iconURL":null,"blocklistState":0,"blocklistURL":null,"startupData":null,"hidden":false,"installTelemetryInfo":null,"recommendationState":null,"rootURI":"resource://gre/modules/themes/default/","location":"app-builtin"},{"id":"thunderbird-compact-light@mozilla.org","syncGUID":"{359e3a19-62db-4669-8fa8-67e849d667bd}","version":"1.0","type":"theme","loader":null,"updateURL":null,"optionsURL":null,"optionsType":null,"optionsBrowserStyle":true,"aboutURL":null,"defaultLocale":{"name":"Light","description":"A theme with a light color scheme.","creator":"Mozilla","developers":null,"translators":null,"contributors":null},"visible":true,"active":false,"userDisabled":true,"appDisabled":false,"installDate":1603910438289,"updateDate":1593612209000,"applyBackgroundUpdates":1,"path":null,"skinnable":false,"sourceURI":null,"releaseNotesURI":null,"softDisabled":false,"foreignInstall":false,"strictCompatibility":true,"locales":[],"targetApplications":[{"id":"toolkit@mozilla.org","minVersion":null,"maxVersion":null}],"targetPlatforms":[],"seen":true,"dependencies":[],"userPermissions":null,"icons":{"32":"icon.svg"},"iconURL":null,"blocklistState":0,"blocklistURL":null,"startupData":null,"hidden":false,"installTelemetryInfo":null,"recommendationState":null,"rootURI":"resource:///modules/themes/light/","location":"app-builtin"},{"id":"thunderbird-compact-dark@mozilla.org","syncGUID":"{f89acd3c-fcd0-439b-b2df-59af4e132414}","version":"1.0","type":"theme","loader":null,"updateURL":null,"optionsURL":null,"optionsType":null,"optionsBrowserStyle":true,"aboutURL":null,"defaultLocale":{"name":"Dark","description":"A theme with a dark color scheme.","creator":"Mozilla","developers":null,"translators":null,"contributors":null},"visible":true,"active":false,"userDisabled":true,"appDisabled":false,"installDate":1603910438294,"updateDate":1593612209000,"applyBackgroundUpdates":1,"path":null,"skinnable":false,"sourceURI":null,"releaseNotesURI":null,"softDisabled":false,"foreignInstall":false,"strictCompatibility":true,"locales":[],"targetApplications":[{"id":"toolkit@mozilla.org","minVersion":null,"maxVersion":null}],"targetPlatforms":[],"seen":true,"dependencies":[],"userPermissions":null,"icons":{"32":"icon.svg"},"iconURL":null,"blocklistState":0,"blocklistURL":null,"startupData":null,"hidden":false,"installTelemetryInfo":null,"recommendationState":null,"rootURI":"resource:///modules/themes/dark/","location":"app-builtin"},{"id":"google@search.mozilla.org","syncGUID":"{e2bc20d5-7ad5-43e8-a9c3-9ce419c1fcce}","version":"1.0","type":"extension","loader":null,"updateURL":null,"optionsURL":null,"optionsType":null,"optionsBrowserStyle":true,"aboutURL":null,"defaultLocale":{"name":"Google","description":"Google Search","creator":null,"developers":null,"translators":null,"contributors":null},"visible":true,"active":true,"userDisabled":false,"appDisabled":false,"installDate":1603910444440,"updateDate":1593612209000,"applyBackgroundUpdates":1,"path":null,"skinnable":false,"sourceURI":null,"releaseNotesURI":null,"softDisabled":false,"foreignInstall":false,"strictCompatibility":true,"locales":[],"targetApplications":[{"id":"toolkit@mozilla.org","minVersion":null,"maxVersion":null}],"targetPlatforms":[],"seen":true,"dependencies":[],"incognito":"spanning","userPermissions":{"permissions":[],"origins":[]},"icons":{"16":"favicon.ico"},"iconURL":null,"blocklistState":0,"blocklistURL":null,"startupData":null,"hidden":true,"installTelemetryInfo":null,"recommendationState":null,"rootURI":"resource://search-extensions/google/","location":"app-builtin"},{"id":"amazondotcom@search.mozilla.org","syncGUID":"{41bff205-45af-4fb7-b94f-5e59fc2facc3}","version":"1.1","type":"extension","loader":null,"updateURL":null,"optionsURL":null,"optionsType":null,"optionsBrowserStyle":true,"aboutURL":null,"defaultLocale":{"name":"Amazon.com","description":"Amazon.com Search","creator":null,"developers":null,"translators":null,"contributors":null},"visible":true,"active":true,"userDisabled":false,"appDisabled":false,"installDate":1603910444561,"updateDate":1593612209000,"applyBackgroundUpdates":1,"path":null,"skinnable":false,"sourceURI":null,"releaseNotesURI":null,"softDisabled":false,"foreignInstall":false,"strictCompatibility":true,"locales":[{"name":"Amazon.com","description":"Amazon.com Search","creator":null,"developers":null,"translators":null,"contributors":null,"locales":["en"]}],"targetApplications":[{"id":"toolkit@mozilla.org","minVersion":null,"maxVersion":null}],"targetPlatforms":[],"seen":true,"dependencies":[],"incognito":"spanning","userPermissions":{"permissions":[],"origins":[]},"icons":{"16":"favicon.ico"},"iconURL":null,"blocklistState":0,"blocklistURL":null,"startupData":null,"hidden":true,"installTelemetryInfo":null,"recommendationState":null,"rootURI":"resource://search-extensions/amazondotcom/","location":"app-builtin"},{"id":"bing@search.mozilla.org","syncGUID":"{de1b3f60-ca6e-4f13-8a49-7344a10baf2d}","version":"1.0","type":"extension","loader":null,"updateURL":null,"optionsURL":null,"optionsType":null,"optionsBrowserStyle":true,"aboutURL":null,"defaultLocale":{"name":"Bing","description":"Bing. Search by Microsoft.","creator":null,"developers":null,"translators":null,"contributors":null},"visible":true,"active":true,"userDisabled":false,"appDisabled":false,"installDate":1603910444688,"updateDate":1593612209000,"applyBackgroundUpdates":1,"path":null,"skinnable":false,"sourceURI":null,"releaseNotesURI":null,"softDisabled":false,"foreignInstall":false,"strictCompatibility":true,"locales":[],"targetApplications":[{"id":"toolkit@mozilla.org","minVersion":null,"maxVersion":null}],"targetPlatforms":[],"seen":true,"dependencies":[],"incognito":"spanning","userPermissions":{"permissions":[],"origins":[]},"icons":{"16":"favicon.ico"},"iconURL":null,"blocklistState":0,"blocklistURL":null,"startupData":null,"hidden":true,"installTelemetryInfo":null,"recommendationState":null,"rootURI":"resource://search-extensions/bing/","location":"app-builtin"},{"id":"ddg@search.mozilla.org","syncGUID":"{cbaac6a0-50b8-414e-99a6-90eb213fcbd7}","version":"1.0","type":"extension","loader":null,"updateURL":null,"optionsURL":null,"optionsType":null,"optionsBrowserStyle":true,"aboutURL":null,"defaultLocale":{"name":"DuckDuckGo","description":"Search DuckDuckGo","creator":null,"developers":null,"translators":null,"contributors":null},"visible":true,"active":true,"userDisabled":false,"appDisabled":false,"installDate":1603910444883,"updateDate":1593612209000,"applyBackgroundUpdates":1,"path":null,"skinnable":false,"sourceURI":null,"releaseNotesURI":null,"softDisabled":false,"foreignInstall":false,"strictCompatibility":true,"locales":[],"targetApplications":[{"id":"toolkit@mozilla.org","minVersion":null,"maxVersion":null}],"targetPlatforms":[],"seen":true,"dependencies":[],"incognito":"spanning","userPermissions":{"permissions":[],"origins":[]},"icons":{"16":"favicon.ico"},"iconURL":null,"blocklistState":0,"blocklistURL":null,"startupData":null,"hidden":true,"installTelemetryInfo":null,"recommendationState":null,"rootURI":"resource://search-extensions/ddg/","location":"app-builtin"},{"id":"twitter@search.mozilla.org","syncGUID":"{52d31ace-a6ce-4401-bd94-b5501085e90a}","version":"1.0","type":"extension","loader":null,"updateURL":null,"optionsURL":null,"optionsType":null,"optionsBrowserStyle":true,"aboutURL":null,"defaultLocale":{"name":"Twitter","description":"Realtime Twitter Search","creator":null,"developers":null,"translators":null,"contributors":null},"visible":true,"active":true,"userDisabled":false,"appDisabled":false,"installDate":1603910445672,"updateDate":1593612209000,"applyBackgroundUpdates":1,"path":null,"skinnable":false,"sourceURI":null,"releaseNotesURI":null,"softDisabled":false,"foreignInstall":false,"strictCompatibility":true,"locales":[{"name":"Twitter","description":"Realtime Twitter Search","creator":null,"developers":null,"translators":null,"contributors":null,"locales":["en"]},{"name":"Twitter","description":"リアルタイム Twitter 検索","creator":null,"developers":null,"translators":null,"contributors":null,"locales":["ja"]}],"targetApplications":[{"id":"toolkit@mozilla.org","minVersion":null,"maxVersion":null}],"targetPlatforms":[],"seen":true,"dependencies":[],"incognito":"spanning","userPermissions":{"permissions":[],"origins":[]},"icons":{"16":"favicon.ico"},"iconURL":null,"blocklistState":0,"blocklistURL":null,"startupData":null,"hidden":true,"installTelemetryInfo":null,"recommendationState":null,"rootURI":"resource://search-extensions/twitter/","location":"app-builtin"},{"id":"wikipedia@search.mozilla.org","syncGUID":"{d1327e05-196e-4302-9ee0-ffad1b10a620}","version":"1.0","type":"extension","loader":null,"updateURL":null,"optionsURL":null,"optionsType":null,"optionsBrowserStyle":true,"aboutURL":null,"defaultLocale":{"name":"Wikipedia (en)","description":"Wikipedia, the Free Encyclopedia","creator":null,"developers":null,"translators":null,"contributors":null},"visible":true,"active":true,"userDisabled":false,"appDisabled":false,"installDate":1603910445786,"updateDate":1593612209000,"applyBackgroundUpdates":1,"path":null,"skinnable":false,"sourceURI":null,"releaseNotesURI":null,"softDisabled":false,"foreignInstall":false,"strictCompatibility":true,"locales":[{"name":"Wikipedia (en)","description":"Wikipedia, the Free Encyclopedia","creator":null,"developers":null,"translators":null,"contributors":null,"locales":["en"]},{"name":"Wikipedia (fi)","description":"Wikipedia (fi), vapaa tietosanakirja","creator":null,"developers":null,"translators":null,"contributors":null,"locales":["fi"]},{"name":"Wikipedia (hy)","description":"Վիքիփեդիա՝ ազատ հանրագիտարան","creator":null,"developers":null,"translators":null,"contributors":null,"locales":["hy"]},{"name":"Уикипедия (kk)","description":"Уикипедия (kk)","creator":null,"developers":null,"translators":null,"contributors":null,"locales":["kk"]},{"name":"Вікіпедыя (be)","description":"Вікіпедыя, свабодная энцыклапедыя","creator":null,"developers":null,"translators":null,"contributors":null,"locales":["be"]},{"name":"위키백과 (ko)","description":"Wikipedia, the free encyclopedia","creator":null,"developers":null,"translators":null,"contributors":null,"locales":["kr"]},{"name":"Wikipedia (ro)","description":"Wikipedia, enciclopedia liberă","creator":null,"developers":null,"translators":null,"contributors":null,"locales":["ro"]},{"name":"Wikipedia (bs)","description":"Slobodna enciklopedija","creator":null,"developers":null,"translators":null,"contributors":null,"locales":["bs"]},{"name":"Wikipedia (pt)","description":"Wikipédia, a enciclopédia livre","creator":null,"developers":null,"translators":null,"contributors":null,"locales":["pt"]},{"name":"Vikipetã (gn)","description":"Vikipetã, opaite tembikuaa hekosãsóva renda","creator":null,"developers":null,"translators":null,"contributors":null,"locales":["gn"]},{"name":"વિકિપીડિયા (gu)","description":"વીકીપીડિયા, મુક્ત એનસાયક્લોપીડિયા","creator":null,"developers":null,"translators":null,"contributors":null,"locales":["gu"]},{"name":"Wikipedia (el)","description":"Βικιπαίδεια, η ελεύθερη εγκυκλοπαίδεια","creator":null,"developers":null,"translators":null,"contributors":null,"locales":["el"]},{"name":"Wikipedia (kab)","description":"Wikipedia, tasanayt tilellit","creator":null,"developers":null,"translators":null,"contributors":null,"locales":["kab"]},{"name":"Wikipedia (es)","description":"Wikipedia, la enciclopedia libre","creator":null,"developers":null,"translators":null,"contributors":null,"locales":["es"]},{"name":"Vicipéid (ga)","description":"Vicipéid, an Chiclipéid Shaor","creator":null,"developers":null,"translators":null,"contributors":null,"locales":["ga-IE"]},{"name":"ויקיפדיה","description":"ויקיפדיה","creator":null,"developers":null,"translators":null,"contributors":null,"locales":["he"]},{"name":"Wikipedia (da)","description":"Wikipedia, den frie encyklopædi","creator":null,"developers":null,"translators":null,"contributors":null,"locales":["da"]},{"name":"Wikipedia (tr)","description":"Vikipedi, özgür ansiklopedi","creator":null,"developers":null,"translators":null,"contributors":null,"locales":["tr"]},{"name":"विकिपीडिया (ne)","description":"विकिपिडिया एक स्वतन्त्र विश्वकोष","creator":null,"developers":null,"translators":null,"contributors":null,"locales":["ne"]},{"name":"Wikipedia (nl)","description":"De vrije encyclopedie","creator":null,"developers":null,"translators":null,"contributors":null,"locales":["nl"]},{"name":"Wikipedia (ja)","description":"Wikipedia - フリー百科事典","creator":null,"developers":null,"translators":null,"contributors":null,"locales":["ja"]},{"name":"Vikipeedia (et)","description":"Vikipeedia, vaba entsüklopeedia","creator":null,"developers":null,"translators":null,"contributors":null,"locales":["et"]},{"name":"Wikipèdia (oc)","description":"Wikipèdia, l'enciclopèdia liura","creator":null,"developers":null,"translators":null,"contributors":null,"locales":["oc"]},{"name":"Wicipedia (cy)","description":"Wicipedia, Y Gwyddioniadur Rhydd","creator":null,"developers":null,"translators":null,"contributors":null,"locales":["cy"]},{"name":"Vikipedeja (ltg)","description":"Vikipēdija, breivuo eņciklopedeja","creator":null,"developers":null,"translators":null,"contributors":null,"locales":["ltg"]},{"name":"వికీపీడియా (te)","description":"వికీపీడియా (te)","creator":null,"developers":null,"translators":null,"contributors":null,"locales":["te"]},{"name":"Wikipédia (fr)","description":"Wikipédia, l'encyclopédie libre","creator":null,"developers":null,"translators":null,"contributors":null,"locales":["fr"]},{"name":"Wikipedia (tl)","description":"Wikipedia, ang malayang ensiklopedya","creator":null,"developers":null,"translators":null,"contributors":null,"locales":["tl"]},{"name":"Wikipedija (dsb)","description":"Wikipedija, lichotna encyklopedija","creator":null,"developers":null,"translators":null,"contributors":null,"locales":["dsb"]},{"name":"Uiquipedia (ast)","description":"La enciclopedia llibre","creator":null,"developers":null,"translators":null,"contributors":null,"locales":["ast"]},{"name":"វីគីភីឌា (km)","description":"វីគីភីឌា សព្វ​វចនា​ធិប្បាយ​សេរី","creator":null,"developers":null,"translators":null,"contributors":null,"locales":["km"]},{"name":"Уикипедия (bg)","description":"Уикипедия, свободната енциклоподия","creator":null,"developers":null,"translators":null,"contributors":null,"locales":["bg"]},{"name":"Wikipedia (id)","description":"Wikipedia, ensiklopedia bebas","creator":null,"developers":null,"translators":null,"contributors":null,"locales":["id"]},{"name":"Wikipedia (pa)","description":"ਵਿਕਿਪੀਡਿਆ, ਮੁਫ਼ਤ/ਮੁਕਤ ਸ਼ਬਦਕੋਸ਼","creator":null,"developers":null,"translators":null,"contributors":null,"locales":["pa"]},{"name":"উইকিপিডিয়া (bn)","description":"উইকিপিডিয়া, মুক্ত বিশ্বকোষ","creator":null,"developers":null,"translators":null,"contributors":null,"locales":["bn"]},{"name":"Wikipedia (sv)","description":"Wikipedia, den fria encyklopedin","creator":null,"developers":null,"translators":null,"contributors":null,"locales":["sv-SE"]},{"name":"Wikipedia (eu)","description":"Wikipedia, entziklopedia askea","creator":null,"developers":null,"translators":null,"contributors":null,"locales":["eu"]},{"name":"Wikipedie (cs)","description":"Wikipedia, svobodná encyclopedie","creator":null,"developers":null,"translators":null,"contributors":null,"locales":["cz"]},{"name":"Wikipédia (hu)","description":"Wikipedia, a szabad enciklopédia","creator":null,"developers":null,"translators":null,"contributors":null,"locales":["hu"]},{"name":"Wikipedia (or)","description":"ୱିକିପିଡ଼ିଆ  (ଓଡ଼ିଆ)","creator":null,"developers":null,"translators":null,"contributors":null,"locales":["or"]},{"name":"Wikipedia (kn)","description":"Wikipedia, the free encyclopedia","creator":null,"developers":null,"translators":null,"contributors":null,"locales":["kn"]},{"name":"Wikipedia (is)","description":"Wikipedia, the free encyclopedia","creator":null,"developers":null,"translators":null,"contributors":null,"locales":["is"]},{"name":"Вікіпедія (uk)","description":"Вікіпедія, вільна енциклопедія","creator":null,"developers":null,"translators":null,"contributors":null,"locales":["uk"]},{"name":"ویکیپیڈیا (ur)","description":"ویکیپیڈیا آزاد دائرۃ المعارف","creator":null,"developers":null,"translators":null,"contributors":null,"locales":["ur"]},{"name":"Vikipedio (eo)","description":"Vikipedio, la libera enciklopedio","creator":null,"developers":null,"translators":null,"contributors":null,"locales":["eo"]},{"name":"Wikipedia (si)","description":"Wikipedia, the free encyclopedia","creator":null,"developers":null,"translators":null,"contributors":null,"locales":["si"]},{"name":"ويكيبيديا (ar)","description":"ويكيبيديا (ar)","creator":null,"developers":null,"translators":null,"contributors":null,"locales":["ar"]},{"name":"Wikipedia (vi)","description":"Wikipedia, bách khoa toàn thư mở","creator":null,"developers":null,"translators":null,"contributors":null,"locales":["vi"]},{"name":"ვიკიპედია (ka)","description":"ვიკიპედია, თავისუფალი ენციკლოპედია","creator":null,"developers":null,"translators":null,"contributors":null,"locales":["ka"]},{"name":"Wikipedy (fy)","description":"De fergese ensyklopedy","creator":null,"developers":null,"translators":null,"contributors":null,"locales":["fy-NL"]},{"name":"Uicipeid (gd)","description":"Wikipedia, An leabhar mòr-eòlais","creator":null,"developers":null,"translators":null,"contributors":null,"locales":["gd"]},{"name":"Wikipedia (it)","description":"Wikipedia, l'enciclopedia libera","creator":null,"developers":null,"translators":null,"contributors":null,"locales":["it"]},{"name":"Vikipediya (uz)","description":"Vikipediya, ochiq ensiklopediya","creator":null,"developers":null,"translators":null,"contributors":null,"locales":["uz"]},{"name":"Wikipedia (lt)","description":"Vikipedija, laisvoji enciklopedija","creator":null,"developers":null,"translators":null,"contributors":null,"locales":["lt"]},{"name":"Wikipedia (sq)","description":"Wikipedia, enciklopedia e lirë","creator":null,"developers":null,"translators":null,"contributors":null,"locales":["sq"]},{"name":"विकिपीडिया (hi)","description":"विकिपीडिया (हिन्दी)","creator":null,"developers":null,"translators":null,"contributors":null,"locales":["hi"]},{"name":"Wikipedia (as)","description":"ৱিকিপিডিয়া, এখন মুক্ত বিশ্বকোষ","creator":null,"developers":null,"translators":null,"contributors":null,"locales":["as"]},{"name":"விக்கிப்பீடியா (ta)","description":"விக்கிப்பீடியா (ta)","creator":null,"developers":null,"translators":null,"contributors":null,"locales":["ta"]},{"name":"Vikipediya (az)","description":"Vikipediya, açıq ensiklopediya","creator":null,"developers":null,"translators":null,"contributors":null,"locales":["az"]},{"name":"Википедија (mk)","description":"Википедија, слободната енциклопедија","creator":null,"developers":null,"translators":null,"contributors":null,"locales":["mk"]},{"name":"วิกิพีเดีย","description":"วิกิพีเดีย สารานุกรมเสรี","creator":null,"developers":null,"translators":null,"contributors":null,"locales":["th"]},{"name":"维基百科","description":"维基百科，自由的百科全书","creator":null,"developers":null,"translators":null,"contributors":null,"locales":["zh-CN"]},{"name":"Wikipedia (de)","description":"Wikipedia, die freie Enzyklopädie","creator":null,"developers":null,"translators":null,"contributors":null,"locales":["de"]},{"name":"विकिपीडिया (mr)","description":"विकिपीडिया, मोफत माहितीकोष","creator":null,"developers":null,"translators":null,"contributors":null,"locales":["mr"]},{"name":"Wikipedia (my)","description":"အခမဲ့လွတ်လပ်စွယ်စုံကျမ်း","creator":null,"developers":null,"translators":null,"contributors":null,"locales":["my"]},{"name":"Wikipedia (rm)","description":"Vichipedia, l'enciclopedia libra","creator":null,"developers":null,"translators":null,"contributors":null,"locales":["rm"]},{"name":"Wikipedia (nn)","description":"Wikipedia, det frie oppslagsverket","creator":null,"developers":null,"translators":null,"contributors":null,"locales":["NN"]},{"name":"Wikipedija (hsb)","description":"Wikipedija, swobodna encyklopedija","creator":null,"developers":null,"translators":null,"contributors":null,"locales":["hsb"]},{"name":"Вікіпэдыя (be-tarask)","description":"Вікіпэдыя, вольная энцыкляпэдыя","creator":null,"developers":null,"translators":null,"contributors":null,"locales":["be-tarask"]},{"name":"Wikipedia (wo)","description":"Wikipedia, Jimbulang bu Ubbeeku bi","creator":null,"developers":null,"translators":null,"contributors":null,"locales":["wo"]},{"name":"Wikipedia (gl)","description":"Wikipedia, a enciclopedia libre","creator":null,"developers":null,"translators":null,"contributors":null,"locales":["gl"]},{"name":"Viquipèdia (ca)","description":"L'enciclopèdia lliure","creator":null,"developers":null,"translators":null,"contributors":null,"locales":["ca"]},{"name":"Wikipédia (sk)","description":"Wikipédia, slobodná a otvorená encyklopédia","creator":null,"developers":null,"translators":null,"contributors":null,"locales":["sk"]},{"name":"Википедија (sr)","description":"Претрага Википедије на српском језику","creator":null,"developers":null,"translators":null,"contributors":null,"locales":["sr"]},{"name":"Wikipedia (af)","description":"Wikipedia, die vrye ensiklopedie","creator":null,"developers":null,"translators":null,"contributors":null,"locales":["af"]},{"name":"ویکی‌پدیا (fa)","description":"ویکی‌پدیا، دانشنامهٔ آزاد","creator":null,"developers":null,"translators":null,"contributors":null,"locales":["fa"]},{"name":"വിക്കിപീഡിയ (ml)","description":"വിക്കിപീഡിയ, സ്വതന്ത്ര സര്‍വ്വവിജ്ഞാനകോശം ","creator":null,"developers":null,"translators":null,"contributors":null,"locales":["ml"]},{"name":"Wikipedia (ms)","description":"Wikipedia, ensiklopedia bebas","creator":null,"developers":null,"translators":null,"contributors":null,"locales":["ms"]},{"name":"Wikipedia (ia)","description":"Wikipedia, le encyclopedia libere","creator":null,"developers":null,"translators":null,"contributors":null,"locales":["ia"]},{"name":"Wikipedia (lij)","description":"Wikipedia, l'enciclopedia libera","creator":null,"developers":null,"translators":null,"contributors":null,"locales":["lij"]},{"name":"Wikipedia (no)","description":"Wikipedia, den frie encyklopedi","creator":null,"developers":null,"translators":null,"contributors":null,"locales":["NO"]},{"name":"Википедия (ru)","description":"Википедия, свободная энциклопедия","creator":null,"developers":null,"translators":null,"contributors":null,"locales":["ru"]},{"name":"Wikipedia (br)","description":"Wikipedia, an holloueziadur digor","creator":null,"developers":null,"translators":null,"contributors":null,"locales":["br"]},{"name":"Wikipedia (pl)","description":"Wikipedia, wolna encyklopedia","creator":null,"developers":null,"translators":null,"contributors":null,"locales":["pl"]},{"name":"Wikipedia (zh)","description":"維基百科，自由的百科全書","creator":null,"developers":null,"translators":null,"contributors":null,"locales":["zh-TW"]},{"name":"ວິກິພີເດຍ (lo)","description":"ວິກິພີເດຍ, ສາລານຸກົມເສລີ","creator":null,"developers":null,"translators":null,"contributors":null,"locales":["lo"]},{"name":"Wikipedija (sl)","description":"Wikipedija, prosta enciklopedija","creator":null,"developers":null,"translators":null,"contributors":null,"locales":["sl"]},{"name":"Vikipediya (crh)","description":"Vikipediya, Azat Entsiklopediya","creator":null,"developers":null,"translators":null,"contributors":null,"locales":["crh"]},{"name":"Vikipēdija","description":"Vikipēdija, brīvā enciklopēdija","creator":null,"developers":null,"translators":null,"contributors":null,"locales":["lv"]},{"name":"Biquipedia (an)","description":"A enciclopedia Libre","creator":null,"developers":null,"translators":null,"contributors":null,"locales":["an"]},{"name":"Wikipedija (hr)","description":"Wikipedija, slobodna enciklopedija","creator":null,"developers":null,"translators":null,"contributors":null,"locales":["hr"]}],"targetApplications":[{"id":"toolkit@mozilla.org","minVersion":null,"maxVersion":null}],"targetPlatforms":[],"seen":true,"dependencies":[],"incognito":"spanning","userPermissions":{"permissions":[],"origins":[]},"icons":{"16":"favicon.ico"},"iconURL":null,"blocklistState":0,"blocklistURL":null,"startupData":null,"hidden":true,"installTelemetryInfo":null,"recommendationState":null,"rootURI":"resource://search-extensions/wikipedia/","location":"app-builtin"},{"id":"wetransfer@extensions.thunderbird.net","syncGUID":"{0f21448a-6227-47a7-929b-3032429ed0ae}","version":"2.0.0","type":"extension","loader":null,"updateURL":null,"optionsURL":null,"optionsType":null,"optionsBrowserStyle":true,"aboutURL":null,"defaultLocale":{"name":"FileLink for WeTransfer","description":"Share your attachments via WeTransfer","creator":null,"developers":null,"translators":null,"contributors":null},"visible":true,"active":true,"userDisabled":false,"appDisabled":false,"installDate":1593612209000,"updateDate":1593612715000,"applyBackgroundUpdates":1,"path":"/usr/lib/thunderbird/extensions/wetransfer@extensions.thunderbird.net.xpi","skinnable":false,"sourceURI":null,"releaseNotesURI":null,"softDisabled":false,"foreignInstall":true,"strictCompatibility":true,"locales":[{"name":"FileLink for WeTransfer","description":"Share your attachments via WeTransfer","creator":null,"developers":null,"translators":null,"contributors":null,"locales":["en"]},{"name":"FileLink for WeTransfer","description":"WeTransfer 経由で添付ファイルを共有しよう","creator":null,"developers":null,"translators":null,"contributors":null,"locales":["ja"]},{"name":"FileLink for WeTransfer","description":"Del vedleggene dine via WeTransfer","creator":null,"developers":null,"translators":null,"contributors":null,"locales":["nb-NO"]},{"name":"Filelink WeTransfer teenusele","description":"Jaga manuseid WeTransfer teenuse vahendusel","creator":null,"developers":null,"translators":null,"contributors":null,"locales":["et"]},{"name":"FileLink para WeTransfer","description":"Partilhe os seus anexos via WeTransfer","creator":null,"developers":null,"translators":null,"contributors":null,"locales":["pt-PT"]},{"name":"FileLink ar gyfer WeTransfer","description":"Rhannwch eich atodiadau trwy WeTransfer","creator":null,"developers":null,"translators":null,"contributors":null,"locales":["cy"]},{"name":"FileLink za WeTransfer","description":"Waše pśidanki pśez WeTransfer źěliś","creator":null,"developers":null,"translators":null,"contributors":null,"locales":["dsb"]},{"name":"FileLink pa WeTransfer","description":"Comparte axuntos per WeTransfer","creator":null,"developers":null,"translators":null,"contributors":null,"locales":["ast"]},{"name":"FileLink pour WeTransfer","description":"Partagez vos pièces jointes avec WeTransfer","creator":null,"developers":null,"translators":null,"contributors":null,"locales":["fr"]},{"name":"FileLink или WeTransfer","description":"Споделяйте прикачените си файлове чрез WeTransfer","creator":null,"developers":null,"translators":null,"contributors":null,"locales":["bg"]},{"name":"FileLink untuk WeTransfer","description":"Bagikan lampiran Anda melalui WeTransfer","creator":null,"developers":null,"translators":null,"contributors":null,"locales":["id"]},{"name":"FileLink WeTransfer erabiltzeko","description":"Banatu zure eranskinak WeTransfer erabiliz","creator":null,"developers":null,"translators":null,"contributors":null,"locales":["eu"]},{"name":"FileLink pro WeTransfer","description":"Sdílejte své přílohy pomocí WeTransfer","creator":null,"developers":null,"translators":null,"contributors":null,"locales":["cs"]},{"name":"FileLink a WeTransferhez","description":"Ossza meg mellékleteit a WeTransfer segítségével","creator":null,"developers":null,"translators":null,"contributors":null,"locales":["hu"]},{"name":"FileLink для WeTransfer","description":"Поділіться своїми вкладеннями через WeTransfer","creator":null,"developers":null,"translators":null,"contributors":null,"locales":["uk"]},{"name":"WeTransfer සඳහා FileLink","description":"WeTransfer හරහා ඔබේ ඇමිණුම් බෙදාගන්න","creator":null,"developers":null,"translators":null,"contributors":null,"locales":["si"]},{"name":"FileLink för WeTransfer","description":"Dela dina bifogade filer via WeTransfer","creator":null,"developers":null,"translators":null,"contributors":null,"locales":["sv-SE"]},{"name":"FileLink for WeTransfer","description":"Del vedlegga dine via WeTransfer","creator":null,"developers":null,"translators":null,"contributors":null,"locales":["nn-NO"]},{"name":"FileLink لخدمة WeTransfer","description":"شارِك ما تريد من مرفقات عبر WeTransfer","creator":null,"developers":null,"translators":null,"contributors":null,"locales":["ar"]},{"name":"FileLink cho WeTransfer","description":"Chia sẻ tập tin đính kèm của bạn thông qua WeTransfer","creator":null,"developers":null,"translators":null,"contributors":null,"locales":["vi"]},{"name":"FileLink WeTransfer-ისთვის","description":"გააზიარეთ დართული ფაილები WeTransfer-ით","creator":null,"developers":null,"translators":null,"contributors":null,"locales":["ka"]},{"name":"WeTransfer FileLink","description":"WeTransfer를 통해 첨부파일 공유","creator":null,"developers":null,"translators":null,"contributors":null,"locales":["ko"]},{"name":"FileLink per WeTransfer","description":"Condividi i tuoi allegati con WeTransfer","creator":null,"developers":null,"translators":null,"contributors":null,"locales":["it"]},{"name":"FileLink para WeTransfer","description":"Comparta sus archivos adjuntos a través de WeTransfer","creator":null,"developers":null,"translators":null,"contributors":null,"locales":["es-AR"]},{"name":"FileLink për WeTransfer","description":"Ndajini bashkëngjitjet tuaja me të tjerët përmes WeTransfer-it","creator":null,"developers":null,"translators":null,"contributors":null,"locales":["sq"]},{"name":"FileLink para WeTransfer","description":"Comparte tus adjuntos a través de WeTransfer","creator":null,"developers":null,"translators":null,"contributors":null,"locales":["es-MX"]},{"name":"FileLink สำหรับ WeTransfer","description":"แบ่งปันไฟล์แนบของคุณผ่าน WeTransfer","creator":null,"developers":null,"translators":null,"contributors":null,"locales":["th"]},{"name":"FileLink für WeTransfer","description":"Teile deine Anhänge über WeTransfer","creator":null,"developers":null,"translators":null,"contributors":null,"locales":["de"]},{"name":"FileLink for WeTransfer","description":"Share your attachments via WeTransfer","creator":null,"developers":null,"translators":null,"contributors":null,"locales":["en-GB"]},{"name":"FileLink za WeTransfer","description":"Waše přiwěški přez WeTransfer dźělić","creator":null,"developers":null,"translators":null,"contributors":null,"locales":["hsb"]},{"name":"FileLink per WeTransfer","description":"Cundivida tias agiuntas via WeTransfer","creator":null,"developers":null,"translators":null,"contributors":null,"locales":["rm"]},{"name":"FileLink per al WeTransfer","description":"Compartiu les vostres adjuncions mitjançant el WeTransfer","creator":null,"developers":null,"translators":null,"contributors":null,"locales":["ca"]},{"name":"FileLink foar WeTransfer","description":"Diel jo bylagen fia WeTransfer","creator":null,"developers":null,"translators":null,"contributors":null,"locales":["fy-NL"]},{"name":"FileLink pre WeTransfer","description":"Zdieľajte svoje prílohy pomocou rozšírenia WeTransfer","creator":null,"developers":null,"translators":null,"contributors":null,"locales":["sk"]},{"name":"FileLink برای WeTransfer","description":"پیوست‌هایتان را از طریق WeTransfer به اشتراک بگذارید","creator":null,"developers":null,"translators":null,"contributors":null,"locales":["fa"]},{"name":"FileLink pro WeTransfer","description":"Comparti tu annexos per WeTransfer","creator":null,"developers":null,"translators":null,"contributors":null,"locales":["ia"]},{"name":"FileLink for WeTransfer","description":"通过 WeTransfer 共享您的附件","creator":null,"developers":null,"translators":null,"contributors":null,"locales":["zh-CN"]},{"name":"FileLink для WeTransfer","description":"Поделитесь своими вложениями через WeTransfer","creator":null,"developers":null,"translators":null,"contributors":null,"locales":["ru"]},{"name":"FileLink evit WeTransfer","description":"Rannit ho stagadennoù dre WeTransfer","creator":null,"developers":null,"translators":null,"contributors":null,"locales":["br"]},{"name":"FileLink dla WeTransfer","description":"Wysyłanie załączników przez serwis WeTransfer","creator":null,"developers":null,"translators":null,"contributors":null,"locales":["pl"]},{"name":"FileLink za WeTransfer","description":"Delite svoje priloge s storitvijo WeTransfer","creator":null,"developers":null,"translators":null,"contributors":null,"locales":["sl"]},{"name":"FileLink za WeTransfer","description":"Dijelite svoje privitke putem WeTransfer","creator":null,"developers":null,"translators":null,"contributors":null,"locales":["hr"]},{"name":"FileLink WeTransferille","description":"Jaa liitteesi WeTransferin avulla","creator":null,"developers":null,"translators":null,"contributors":null,"locales":["fi"]},{"name":"WeTransfer үшін FileLink","description":"Салынымдармен WeTransfer арқылы бөлісіңіз","creator":null,"developers":null,"translators":null,"contributors":null,"locales":["kk"]},{"name":"FileLink pentru WeTransfer","description":"Partajează-ți atașamentele prin WeTransfer","creator":null,"developers":null,"translators":null,"contributors":null,"locales":["ro"]},{"name":"FileLink za WeTransfer","description":"Dijelite svoje datoteke putem WeTransfer-a","creator":null,"developers":null,"translators":null,"contributors":null,"locales":["bs"]},{"name":"FileLink i WeTransfer","description":"Bḍu ifuyla yeddan s WeTransfer","creator":null,"developers":null,"translators":null,"contributors":null,"locales":["kab"]},{"name":"FileLink για το WeTransfer","description":"Διαμοιρασμός συνημμένων μέσω του WeTransfer","creator":null,"developers":null,"translators":null,"contributors":null,"locales":["el"]},{"name":"FileLink para WeTransfer","description":"Compartilhe seus anexos via WeTransfer","creator":null,"developers":null,"translators":null,"contributors":null,"locales":["pt-BR"]},{"name":"FileLink for WeTransfer","description":"使用 WeTransfer 分享附件","creator":null,"developers":null,"translators":null,"contributors":null,"locales":["zh-TW"]},{"name":"WeTransfer için FileLink","description":"Eklerinizi WeTransfer ile paylaşın","creator":null,"developers":null,"translators":null,"contributors":null,"locales":["tr"]},{"name":"FileLink voor WeTransfer","description":"Uw bijlagen delen via WeTransfer","creator":null,"developers":null,"translators":null,"contributors":null,"locales":["nl"]}],"targetApplications":[{"id":"toolkit@mozilla.org","minVersion":"60.4","maxVersion":null}],"targetPlatforms":[],"signedState":0,"seen":true,"dependencies":[],"incognito":"spanning","userPermissions":{"permissions":[],"origins":[]},"icons":{"16":"images/logo.svg","32":"images/logo.svg","48":"images/logo.svg","128":"images/logo.svg"},"iconURL":null,"blocklistState":0,"blocklistURL":null,"startupData":null,"hidden":false,"installTelemetryInfo":{"source":"app-global","method":"sideload"},"recommendationState":null,"rootURI":"jar:file:///usr/lib/thunderbird/extensions/wetransfer@extensions.thunderbird.net.xpi!/","location":"app-global"},{"id":"{e2fda1a4-762b-4020-b5ad-a41df1933103}","syncGUID":"{7434c07a-af1e-47d3-9a48-58b7ac72749b}","version":"68.10.0","type":"extension","loader":null,"updateURL":null,"optionsURL":null,"optionsType":null,"optionsBrowserStyle":true,"aboutURL":null,"defaultLocale":{"name":"Lightning","description":"Integrated Calendaring & Scheduling for your Email client","creator":"Mozilla Calendar Project","homepageURL":"https://www.mozilla.org/projects/calendar/","developers":null,"translators":null,"contributors":null},"visible":true,"active":true,"userDisabled":false,"appDisabled":false,"installDate":1593612715000,"updateDate":1593612715000,"applyBackgroundUpdates":1,"path":"/usr/lib/thunderbird/extensions/{e2fda1a4-762b-4020-b5ad-a41df1933103}.xpi","skinnable":false,"sourceURI":null,"releaseNotesURI":null,"softDisabled":false,"foreignInstall":true,"strictCompatibility":true,"locales":[],"targetApplications":[{"id":"toolkit@mozilla.org","minVersion":"68.10.0","maxVersion":"68.*"}],"targetPlatforms":[],"signedState":0,"seen":true,"dependencies":[],"incognito":"spanning","userPermissions":{"permissions":[],"origins":[]},"icons":{"32":"chrome/skin/common/icons/icon32.svg"},"iconURL":null,"blocklistState":0,"blocklistURL":null,"startupData":null,"hidden":false,"installTelemetryInfo":{"source":"app-global","method":"sideload"},"recommendationState":null,"rootURI":"jar:file:///usr/lib/thunderbird/extensions/%7Be2fda1a4-762b-4020-b5ad-a41df1933103%7D.xpi!/","location":"app-global"}]}