{"nextId":6,"logins":[{"id":3,"hostname":"smtp://smtp.office365.com","httpRealm":"smtp://smtp.office365.com","formSubmitURL":null,"usernameField":"","passwordField":"","encryptedUsername":"MEoEEPgAAAAAAAAAAAAAAAAAAAEwFAYIKoZIhvcNAwcECKAICUKL5NAcBCC6FM2wxbmie3y53GcrUKyTgUi/A9U7Wz7d5g42GAMXmw==","encryptedPassword":"MDoEEPgAAAAAAAAAAAAAAAAAAAEwFAYIKoZIhvcNAwcECEOXcEUvhmaNBBBeA7QiY8iqcWDStT8ahRdq","guid":"{8659ac97-0190-4828-8db2-9d96799563c6}","encType":1,"timeCreated":1613226712194,"timeLastUsed":1613226712194,"timePasswordChanged":1613226712194,"timesUsed":1},{"id":5,"hostname":"imap://outlook.office365.com","httpRealm":"imap://outlook.office365.com","formSubmitURL":null,"usernameField":"","passwordField":"","encryptedUsername":"MEoEEPgAAAAAAAAAAAAAAAAAAAEwFAYIKoZIhvcNAwcECEvTOjQZ+Y8LBCAhazi2fmCXlIkd8UJ5MhiqBU4daf+2/+J+jT9rGTSyqA==","encryptedPassword":"MDoEEPgAAAAAAAAAAAAAAAAAAAEwFAYIKoZIhvcNAwcECGnSRodxroAABBAuuAZpmMneAZ0XAbDKCsOm","guid":"{68ee4ca2-837a-423e-988d-ca5bcb7803cb}","encType":1,"timeCreated":1613414234516,"timeLastUsed":1613414234516,"timePasswordChanged":1613414234516,"timesUsed":1}],"disabledHosts":[],"version":2}