{"chrome://messenger/content/messenger.xul":{"qfb-boolean-mode":{"value":"OR"},"header-view-toolbox":{"mode":"full","iconsize":"small","labelalign":"end"},"header-view-toolbar":{"iconsize":"small"},"attachment-view-toolbox":{"mode":"full","iconsize":"small","labelalign":"end"},"attachment-view-toolbar":{"iconsize":"small"},"messengerWindow":{"screenX":"0","screenY":"27","width":"1024","height":"716","sizemode":"maximized"},"dateCol":{"ordinal":"19","sortDirection":"ascending"},"threadCol":{"ordinal":"1"},"flaggedCol":{"ordinal":"3"},"attachmentCol":{"ordinal":"5"},"subjectCol":{"ordinal":"7"},"unreadButtonColHeader":{"ordinal":"9"},"senderCol":{"ordinal":"11"},"recipientCol":{"ordinal":"13","hidden":"true"},"correspondentCol":{"ordinal":"15","hidden":"true"},"junkStatusCol":{"ordinal":"15"},"receivedCol":{"ordinal":"17"},"statusCol":{"ordinal":"21"},"sizeCol":{"ordinal":"23"},"tagsCol":{"ordinal":"25"},"accountCol":{"ordinal":"27"},"priorityCol":{"ordinal":"29"},"unreadCol":{"ordinal":"31"},"totalCol":{"ordinal":"33"},"locationCol":{"ordinal":"35","hidden":"true"},"idCol":{"ordinal":"37"},"displayDeck":{"height":"185"},"messagepaneboxwrapper":{"height":"369"},"unifinder-search-results-tree-col-title":{"ordinal":"1"},"unifinder-search-results-tree-col-startdate":{"ordinal":"3"},"unifinder-search-results-tree-col-enddate":{"ordinal":"5"},"unifinder-search-results-tree-col-categories":{"ordinal":"7"},"unifinder-search-results-tree-col-location":{"ordinal":"9"},"unifinder-search-results-tree-col-status":{"ordinal":"11"},"unifinder-search-results-tree-col-calendarname":{"ordinal":"13"},"today-minimonth-box":{"collapsed":"true"},"today-none-box":{"collapsed":"true"},"today-pane-splitter":{"hidden":"true"},"today-pane-panel":{"modewidths":"200,200,200","width":"200"},"calendar-task-tree":{"widths":"0 0 0 0 0 0 0 0 0 0 0 0","ordinals":"0 3 5 7 9 11 13 15 17 19 21 23"},"unifinder-todo-tree":{"widths":"0 0 0 0 0 0 0 0 0 0 0 0","ordinals":"0 3 5 7 9 11 13 15 17 19 21 23"},"todo-tab-panel":{"collapsed":"true"}},"chrome://messenger/content/messengercompose/messengercompose.xul":{"msgcomposeWindow":{"screenX":"49","screenY":"24","width":"860","height":"716","sizemode":"maximized"}},"chrome://messenger/content/AccountManager.xul":{"accountManager":{"screenX":"229","screenY":"0","width":"840","height":"698"}},"about:preferences":{"MailPreferences":{"lastSelected":"paneSecurity"}},"chrome://messenger/content/chat/imAccounts.xul":{"accountManager":{"screenX":"409","screenY":"184","width":"547","height":"360"}},"chrome://messenger/content/subscribe.xul":{"subscribeWindow":{"screenX":"390","screenY":"111","width":"587","height":"440"}}}