{"chrome://messenger/content/messenger.xul":{"mail-toolbar-menubar2":{"autohide":"true"},"qfb-boolean-mode":{"value":"OR"},"unifinder-search-results-tree-col-title":{"ordinal":"1"},"unifinder-search-results-tree-col-startdate":{"ordinal":"3"},"unifinder-search-results-tree-col-enddate":{"ordinal":"5"},"unifinder-search-results-tree-col-categories":{"ordinal":"7"},"unifinder-search-results-tree-col-location":{"ordinal":"9"},"unifinder-search-results-tree-col-status":{"ordinal":"11"},"unifinder-search-results-tree-col-calendarname":{"ordinal":"13"},"today-minimonth-box":{"collapsed":"true"},"today-none-box":{"collapsed":"true"},"messagepaneboxwrapper":{"collapsed":"true"},"today-pane-splitter":{"hidden":"true"},"todo-tab-panel":{"collapsed":"true"},"today-pane-panel":{"modewidths":"200,,200","width":"200"},"messengerWindow":{"screenX":"161","screenY":"0","width":"1024","height":"704","sizemode":"normal"},"calendar-task-tree":{"widths":"0 0 0 0 0 0 0 0 0 0 0 0","ordinals":"0 3 5 7 9 11 13 15 17 19 21 23"},"unifinder-todo-tree":{"widths":"0 0 0 0 0 0 0 0 0 0 0 0","ordinals":"0 3 5 7 9 11 13 15 17 19 21 23"}}}