{"list":[{"source":"imap://arunprakashs%40farshore%2Ecom@outlook.office365.com:993/fetch%3EUID%3E/INBOX%3E217?section=2?part=1.2&filename=Salary%20Certificate%20of%20February%2720%20Arunprakash%20S.%20K20200309.pdf","target":"/home/sam/Arun/Salary Certificate of February'20 Arunprakash S. K20200309.pdf","startTime":"2020-03-13T17:00:31.905Z","succeeded":true,"contentType":"application/pdf"},{"source":"imap://arunprakashs%40farshore%2Ecom@outlook.office365.com:993/fetch%3EUID%3E/INBOX%3E817?part=1.2&filename=SARAVANAKUMAR%20ARUN%20PRAKASH_COGPA1581J_AY202021_16_PartB.pdf","target":"/home/sam/Arun/SARAVANAKUMAR ARUN PRAKASH_COGPA1581J_AY202021_16_PartB.pdf","startTime":"2020-07-27T18:36:17.160Z","succeeded":true,"contentType":"application/pdf"},{"source":"imap://arunprakashs%40farshore%2Ecom@outlook.office365.com:993/fetch%3EUID%3E/INBOX%3E838?part=1.2&filename=Salary%20Certificate%20for%20June%202020%20of%20Arunprakash%20S.%20%2020200728.pdf","target":"/home/sam/Arun/Salary Certificate for June 2020 of Arunprakash S.  20200728.pdf","startTime":"2020-08-03T18:32:13.317Z","succeeded":true,"contentType":"application/pdf"}]}