{"schemaVersion":25,"addons":[{"id":"messagingmenu@mozilla.com","syncGUID":"{08180070-db74-4c06-ab2d-5665ccf3d1d9}","location":"app-global","version":"1.4","type":"extension","internalName":null,"updateURL":null,"updateKey":null,"optionsURL":null,"optionsType":null,"aboutURL":null,"defaultLocale":{"name":"Messaging Menu and Unity Launcher integration","description":"This extension integrates Thunderbird into the Ubuntu Unity messaging menu and launcher","creator":"Mike Conley","homepageURL":null},"visible":true,"active":true,"userDisabled":false,"appDisabled":false,"installDate":1553537711000,"updateDate":1553537711000,"applyBackgroundUpdates":1,"bootstrap":false,"path":"/usr/lib/thunderbird/extensions/messagingmenu@mozilla.com.xpi","skinnable":false,"size":148367,"sourceURI":null,"releaseNotesURI":null,"softDisabled":false,"foreignInstall":true,"strictCompatibility":false,"locales":[],"targetApplications":[{"id":"{3550f703-e582-4d05-9a08-453d09bdfdc6}","minVersion":"60.0a1pre","maxVersion":"60.*"}],"targetPlatforms":[],"multiprocessCompatible":false,"seen":true,"dependencies":[],"hasEmbeddedWebExtension":false,"mpcOptedOut":false,"userPermissions":null,"icons":{},"iconURL":null,"icon64URL":null,"blocklistState":0,"blocklistURL":null,"startupData":null},{"id":"{972ce4c6-7e08-4474-a285-3208198ce6fd}","syncGUID":"{75def46b-63d6-467c-8a8d-3b59864fd4f6}","location":"app-global","version":"60.6.1","type":"theme","internalName":"classic/1.0","updateURL":null,"updateKey":null,"optionsURL":null,"optionsType":null,"optionsBrowserStyle":null,"aboutURL":null,"defaultLocale":{"name":"Default","description":"The default theme.","creator":"Mozilla","homepageURL":null,"contributors":["Mozilla Contributors"]},"visible":true,"active":true,"userDisabled":false,"appDisabled":false,"installDate":1553537764000,"updateDate":1553537764000,"applyBackgroundUpdates":1,"path":"/usr/lib/thunderbird/extensions/{972ce4c6-7e08-4474-a285-3208198ce6fd}.xpi","skinnable":false,"size":5406,"sourceURI":null,"releaseNotesURI":null,"softDisabled":false,"foreignInstall":false,"strictCompatibility":true,"locales":[],"targetApplications":[{"id":"{3550f703-e582-4d05-9a08-453d09bdfdc6}","minVersion":"60.6.1","maxVersion":"60.6.1"}],"targetPlatforms":[],"seen":true,"dependencies":[],"hasEmbeddedWebExtension":false,"userPermissions":null,"icons":{"32":"icon.png","48":"icon.png","64":"icon64.png"},"iconURL":null,"icon64URL":null,"blocklistState":0,"blocklistURL":null,"startupData":null}]}