{"nextId":3,"logins":[{"id":1,"hostname":"imap://outlook.office365.com","httpRealm":"imap://outlook.office365.com","formSubmitURL":null,"usernameField":"","passwordField":"","encryptedUsername":"MEoEEPgAAAAAAAAAAAAAAAAAAAEwFAYIKoZIhvcNAwcECGH7ypZCRwAzBCBrR0r9b5peKjHb1N4Qf1R5pZqIU8QcOF54XfoesJmAIg==","encryptedPassword":"MDoEEPgAAAAAAAAAAAAAAAAAAAEwFAYIKoZIhvcNAwcECBK73gRcWU/MBBCRitTJgzMV4+kWdMw0d282","guid":"{fdf16798-3ce2-46f0-a5ee-6d2287459f64}","encType":1,"timeCreated":1582277464235,"timeLastUsed":1582277464235,"timePasswordChanged":1582277464235,"timesUsed":1},{"id":2,"hostname":"smtp://smtp.office365.com","httpRealm":"smtp://smtp.office365.com","formSubmitURL":null,"usernameField":"","passwordField":"","encryptedUsername":"MEoEEPgAAAAAAAAAAAAAAAAAAAEwFAYIKoZIhvcNAwcECBzAp16W1StaBCB4GMtBGFzg0y0FYjTpE0XbtcapP/iB9zBk+Jhg3oh4Ag==","encryptedPassword":"MDoEEPgAAAAAAAAAAAAAAAAAAAEwFAYIKoZIhvcNAwcECH2Na/5rPYeZBBCA0V38gMzpnIkpLUMQsMLz","guid":"{e7c7661e-5f7d-4b41-8825-a90ac17a79b7}","encType":1,"timeCreated":1582277464238,"timeLastUsed":1582277464238,"timePasswordChanged":1582277464238,"timesUsed":1}],"disabledHosts":[],"version":2}