{"chrome://messenger/content/messenger.xul":{"mail-toolbar-menubar2":{"autohide":"true"},"qfb-boolean-mode":{"value":"OR"},"messengerWindow":{"screenX":"47","screenY":"53","width":"1024","height":"715","sizemode":"maximized"},"header-view-toolbox":{"mode":"full","iconsize":"small","labelalign":"end"},"header-view-toolbar":{"iconsize":"small"},"attachment-view-toolbox":{"mode":"full","iconsize":"small","labelalign":"end"},"attachment-view-toolbar":{"iconsize":"small"}},"chrome://messenger/content/messengercompose/messengercompose.xul":{"msgcomposeWindow":{"screenX":"47","screenY":"53","width":"860","height":"715","sizemode":"maximized"}},"chrome://messenger/content/AccountManager.xul":{"accountManager":{"screenX":"189","screenY":"0","width":"945","height":"714"}},"chrome://editor/content/EdListProps.xul":{"location":{"offsetX":"0"}},"chrome://editor/content/EdNamedAnchorProps.xul":{"location":{"offsetX":"0"}},"chrome://editor/content/EdColorPicker.xul":{"LastPickedColor":{"LastTextColor":"#000099"},"location":{"offsetX":"0"}}}